[
    {
        "name": "Adur",
        "label": "Adur",
        "slug": "adur",
        "path": "\/repossessions\/local-authority\/adur"
    },
    {
        "name": "Allerdale",
        "label": "Allerdale",
        "slug": "allerdale",
        "path": "\/repossessions\/local-authority\/allerdale"
    },
    {
        "name": "Amber Valley",
        "label": "Amber Valley",
        "slug": "amber-valley",
        "path": "\/repossessions\/local-authority\/amber-valley"
    },
    {
        "name": "Arun",
        "label": "Arun",
        "slug": "arun",
        "path": "\/repossessions\/local-authority\/arun"
    },
    {
        "name": "Ashfield",
        "label": "Ashfield",
        "slug": "ashfield",
        "path": "\/repossessions\/local-authority\/ashfield"
    },
    {
        "name": "Ashford",
        "label": "Ashford",
        "slug": "ashford",
        "path": "\/repossessions\/local-authority\/ashford"
    },
    {
        "name": "Aylesbury Vale",
        "label": "Aylesbury Vale",
        "slug": "aylesbury-vale",
        "path": "\/repossessions\/local-authority\/aylesbury-vale"
    },
    {
        "name": "Babergh",
        "label": "Babergh",
        "slug": "babergh",
        "path": "\/repossessions\/local-authority\/babergh"
    },
    {
        "name": "Barking and Dagenham",
        "label": "Barking and Dagenham",
        "slug": "barking-and-dagenham",
        "path": "\/repossessions\/local-authority\/barking-and-dagenham"
    },
    {
        "name": "Barnet",
        "label": "Barnet",
        "slug": "barnet",
        "path": "\/repossessions\/local-authority\/barnet"
    },
    {
        "name": "Barnsley",
        "label": "Barnsley",
        "slug": "barnsley",
        "path": "\/repossessions\/local-authority\/barnsley"
    },
    {
        "name": "Barrow-in-Furness",
        "label": "Barrow-in-Furness",
        "slug": "barrow-in-furness",
        "path": "\/repossessions\/local-authority\/barrow-in-furness"
    },
    {
        "name": "Basildon",
        "label": "Basildon",
        "slug": "basildon",
        "path": "\/repossessions\/local-authority\/basildon"
    },
    {
        "name": "Basingstoke and Deane",
        "label": "Basingstoke and Deane",
        "slug": "basingstoke-and-deane",
        "path": "\/repossessions\/local-authority\/basingstoke-and-deane"
    },
    {
        "name": "Bassetlaw",
        "label": "Bassetlaw",
        "slug": "bassetlaw",
        "path": "\/repossessions\/local-authority\/bassetlaw"
    },
    {
        "name": "Bath and North East Somerset",
        "label": "Bath and North East Somerset",
        "slug": "bath-and-north-east-somerset",
        "path": "\/repossessions\/local-authority\/bath-and-north-east-somerset"
    },
    {
        "name": "Bedford",
        "label": "Bedford",
        "slug": "bedford",
        "path": "\/repossessions\/local-authority\/bedford"
    },
    {
        "name": "Bedford UA",
        "label": "Bedford UA",
        "slug": "bedford-ua",
        "path": "\/repossessions\/local-authority\/bedford-ua"
    },
    {
        "name": "Bexley",
        "label": "Bexley",
        "slug": "bexley",
        "path": "\/repossessions\/local-authority\/bexley"
    },
    {
        "name": "Birmingham",
        "label": "Birmingham",
        "slug": "birmingham",
        "path": "\/repossessions\/local-authority\/birmingham"
    },
    {
        "name": "Blaby",
        "label": "Blaby",
        "slug": "blaby",
        "path": "\/repossessions\/local-authority\/blaby"
    },
    {
        "name": "Blackburn with Darwen",
        "label": "Blackburn with Darwen",
        "slug": "blackburn-with-darwen",
        "path": "\/repossessions\/local-authority\/blackburn-with-darwen"
    },
    {
        "name": "Blackpool",
        "label": "Blackpool",
        "slug": "blackpool",
        "path": "\/repossessions\/local-authority\/blackpool"
    },
    {
        "name": "Blaenau Gwent",
        "label": "Blaenau Gwent",
        "slug": "blaenau-gwent",
        "path": "\/repossessions\/local-authority\/blaenau-gwent"
    },
    {
        "name": "Bolsover",
        "label": "Bolsover",
        "slug": "bolsover",
        "path": "\/repossessions\/local-authority\/bolsover"
    },
    {
        "name": "Bolton",
        "label": "Bolton",
        "slug": "bolton",
        "path": "\/repossessions\/local-authority\/bolton"
    },
    {
        "name": "Boston",
        "label": "Boston",
        "slug": "boston",
        "path": "\/repossessions\/local-authority\/boston"
    },
    {
        "name": "Bournemouth",
        "label": "Bournemouth",
        "slug": "bournemouth",
        "path": "\/repossessions\/local-authority\/bournemouth"
    },
    {
        "name": "Bournemouth, Christchurch and Poole",
        "label": "Bournemouth, Christchurch and Poole",
        "slug": "bournemouth-christchurch-and-poole",
        "path": "\/repossessions\/local-authority\/bournemouth-christchurch-and-poole"
    },
    {
        "name": "Bracknell Forest",
        "label": "Bracknell Forest",
        "slug": "bracknell-forest",
        "path": "\/repossessions\/local-authority\/bracknell-forest"
    },
    {
        "name": "Bradford",
        "label": "Bradford",
        "slug": "bradford",
        "path": "\/repossessions\/local-authority\/bradford"
    },
    {
        "name": "Braintree",
        "label": "Braintree",
        "slug": "braintree",
        "path": "\/repossessions\/local-authority\/braintree"
    },
    {
        "name": "Breckland",
        "label": "Breckland",
        "slug": "breckland",
        "path": "\/repossessions\/local-authority\/breckland"
    },
    {
        "name": "Brent",
        "label": "Brent",
        "slug": "brent",
        "path": "\/repossessions\/local-authority\/brent"
    },
    {
        "name": "Brentwood",
        "label": "Brentwood",
        "slug": "brentwood",
        "path": "\/repossessions\/local-authority\/brentwood"
    },
    {
        "name": "Bridgend",
        "label": "Bridgend",
        "slug": "bridgend",
        "path": "\/repossessions\/local-authority\/bridgend"
    },
    {
        "name": "Brighton and Hove",
        "label": "Brighton and Hove",
        "slug": "brighton-and-hove",
        "path": "\/repossessions\/local-authority\/brighton-and-hove"
    },
    {
        "name": "Bristol, City of",
        "label": "Bristol, City of",
        "slug": "bristol-city-of",
        "path": "\/repossessions\/local-authority\/bristol-city-of"
    },
    {
        "name": "Broadland",
        "label": "Broadland",
        "slug": "broadland",
        "path": "\/repossessions\/local-authority\/broadland"
    },
    {
        "name": "Bromley",
        "label": "Bromley",
        "slug": "bromley",
        "path": "\/repossessions\/local-authority\/bromley"
    },
    {
        "name": "Bromsgrove",
        "label": "Bromsgrove",
        "slug": "bromsgrove",
        "path": "\/repossessions\/local-authority\/bromsgrove"
    },
    {
        "name": "Broxbourne",
        "label": "Broxbourne",
        "slug": "broxbourne",
        "path": "\/repossessions\/local-authority\/broxbourne"
    },
    {
        "name": "Broxtowe",
        "label": "Broxtowe",
        "slug": "broxtowe",
        "path": "\/repossessions\/local-authority\/broxtowe"
    },
    {
        "name": "Buckinghamshire",
        "label": "Buckinghamshire",
        "slug": "buckinghamshire",
        "path": "\/repossessions\/local-authority\/buckinghamshire"
    },
    {
        "name": "Burnley",
        "label": "Burnley",
        "slug": "burnley",
        "path": "\/repossessions\/local-authority\/burnley"
    },
    {
        "name": "Bury",
        "label": "Bury",
        "slug": "bury",
        "path": "\/repossessions\/local-authority\/bury"
    },
    {
        "name": "Caerphilly",
        "label": "Caerphilly",
        "slug": "caerphilly",
        "path": "\/repossessions\/local-authority\/caerphilly"
    },
    {
        "name": "Calderdale",
        "label": "Calderdale",
        "slug": "calderdale",
        "path": "\/repossessions\/local-authority\/calderdale"
    },
    {
        "name": "Cambridge",
        "label": "Cambridge",
        "slug": "cambridge",
        "path": "\/repossessions\/local-authority\/cambridge"
    },
    {
        "name": "Camden",
        "label": "Camden",
        "slug": "camden",
        "path": "\/repossessions\/local-authority\/camden"
    },
    {
        "name": "Cannock Chase",
        "label": "Cannock Chase",
        "slug": "cannock-chase",
        "path": "\/repossessions\/local-authority\/cannock-chase"
    },
    {
        "name": "Canterbury",
        "label": "Canterbury",
        "slug": "canterbury",
        "path": "\/repossessions\/local-authority\/canterbury"
    },
    {
        "name": "Cardiff",
        "label": "Cardiff",
        "slug": "cardiff",
        "path": "\/repossessions\/local-authority\/cardiff"
    },
    {
        "name": "Carlisle",
        "label": "Carlisle",
        "slug": "carlisle",
        "path": "\/repossessions\/local-authority\/carlisle"
    },
    {
        "name": "Carmarthenshire",
        "label": "Carmarthenshire",
        "slug": "carmarthenshire",
        "path": "\/repossessions\/local-authority\/carmarthenshire"
    },
    {
        "name": "Castle Point",
        "label": "Castle Point",
        "slug": "castle-point",
        "path": "\/repossessions\/local-authority\/castle-point"
    },
    {
        "name": "Central Bedfordshire",
        "label": "Central Bedfordshire",
        "slug": "central-bedfordshire",
        "path": "\/repossessions\/local-authority\/central-bedfordshire"
    },
    {
        "name": "Ceredigion",
        "label": "Ceredigion",
        "slug": "ceredigion",
        "path": "\/repossessions\/local-authority\/ceredigion"
    },
    {
        "name": "Charnwood",
        "label": "Charnwood",
        "slug": "charnwood",
        "path": "\/repossessions\/local-authority\/charnwood"
    },
    {
        "name": "Chelmsford",
        "label": "Chelmsford",
        "slug": "chelmsford",
        "path": "\/repossessions\/local-authority\/chelmsford"
    },
    {
        "name": "Cheltenham",
        "label": "Cheltenham",
        "slug": "cheltenham",
        "path": "\/repossessions\/local-authority\/cheltenham"
    },
    {
        "name": "Cherwell",
        "label": "Cherwell",
        "slug": "cherwell",
        "path": "\/repossessions\/local-authority\/cherwell"
    },
    {
        "name": "Cheshire East",
        "label": "Cheshire East",
        "slug": "cheshire-east",
        "path": "\/repossessions\/local-authority\/cheshire-east"
    },
    {
        "name": "Cheshire West and Chester",
        "label": "Cheshire West and Chester",
        "slug": "cheshire-west-and-chester",
        "path": "\/repossessions\/local-authority\/cheshire-west-and-chester"
    },
    {
        "name": "Chesterfield",
        "label": "Chesterfield",
        "slug": "chesterfield",
        "path": "\/repossessions\/local-authority\/chesterfield"
    },
    {
        "name": "Chichester",
        "label": "Chichester",
        "slug": "chichester",
        "path": "\/repossessions\/local-authority\/chichester"
    },
    {
        "name": "Chiltern",
        "label": "Chiltern",
        "slug": "chiltern",
        "path": "\/repossessions\/local-authority\/chiltern"
    },
    {
        "name": "Chorley",
        "label": "Chorley",
        "slug": "chorley",
        "path": "\/repossessions\/local-authority\/chorley"
    },
    {
        "name": "Christchurch",
        "label": "Christchurch",
        "slug": "christchurch",
        "path": "\/repossessions\/local-authority\/christchurch"
    },
    {
        "name": "City of London",
        "label": "City of London",
        "slug": "city-of-london",
        "path": "\/repossessions\/local-authority\/city-of-london"
    },
    {
        "name": "Colchester",
        "label": "Colchester",
        "slug": "colchester",
        "path": "\/repossessions\/local-authority\/colchester"
    },
    {
        "name": "Conwy",
        "label": "Conwy",
        "slug": "conwy",
        "path": "\/repossessions\/local-authority\/conwy"
    },
    {
        "name": "Copeland",
        "label": "Copeland",
        "slug": "copeland",
        "path": "\/repossessions\/local-authority\/copeland"
    },
    {
        "name": "Corby",
        "label": "Corby",
        "slug": "corby",
        "path": "\/repossessions\/local-authority\/corby"
    },
    {
        "name": "Cornwall",
        "label": "Cornwall",
        "slug": "cornwall",
        "path": "\/repossessions\/local-authority\/cornwall"
    },
    {
        "name": "Cotswold",
        "label": "Cotswold",
        "slug": "cotswold",
        "path": "\/repossessions\/local-authority\/cotswold"
    },
    {
        "name": "County Durham",
        "label": "County Durham",
        "slug": "county-durham",
        "path": "\/repossessions\/local-authority\/county-durham"
    },
    {
        "name": "Coventry",
        "label": "Coventry",
        "slug": "coventry",
        "path": "\/repossessions\/local-authority\/coventry"
    },
    {
        "name": "Craven",
        "label": "Craven",
        "slug": "craven",
        "path": "\/repossessions\/local-authority\/craven"
    },
    {
        "name": "Crawley",
        "label": "Crawley",
        "slug": "crawley",
        "path": "\/repossessions\/local-authority\/crawley"
    },
    {
        "name": "Croydon",
        "label": "Croydon",
        "slug": "croydon",
        "path": "\/repossessions\/local-authority\/croydon"
    },
    {
        "name": "Cumberland",
        "label": "Cumberland",
        "slug": "cumberland",
        "path": "\/repossessions\/local-authority\/cumberland"
    },
    {
        "name": "Dacorum",
        "label": "Dacorum",
        "slug": "dacorum",
        "path": "\/repossessions\/local-authority\/dacorum"
    },
    {
        "name": "Darlington",
        "label": "Darlington",
        "slug": "darlington",
        "path": "\/repossessions\/local-authority\/darlington"
    },
    {
        "name": "Dartford",
        "label": "Dartford",
        "slug": "dartford",
        "path": "\/repossessions\/local-authority\/dartford"
    },
    {
        "name": "Daventry",
        "label": "Daventry",
        "slug": "daventry",
        "path": "\/repossessions\/local-authority\/daventry"
    },
    {
        "name": "Denbighshire",
        "label": "Denbighshire",
        "slug": "denbighshire",
        "path": "\/repossessions\/local-authority\/denbighshire"
    },
    {
        "name": "Derby",
        "label": "Derby",
        "slug": "derby",
        "path": "\/repossessions\/local-authority\/derby"
    },
    {
        "name": "Derby UA",
        "label": "Derby UA",
        "slug": "derby-ua",
        "path": "\/repossessions\/local-authority\/derby-ua"
    },
    {
        "name": "Derbyshire Dales",
        "label": "Derbyshire Dales",
        "slug": "derbyshire-dales",
        "path": "\/repossessions\/local-authority\/derbyshire-dales"
    },
    {
        "name": "Doncaster",
        "label": "Doncaster",
        "slug": "doncaster",
        "path": "\/repossessions\/local-authority\/doncaster"
    },
    {
        "name": "Dorset",
        "label": "Dorset",
        "slug": "dorset",
        "path": "\/repossessions\/local-authority\/dorset"
    },
    {
        "name": "Dover",
        "label": "Dover",
        "slug": "dover",
        "path": "\/repossessions\/local-authority\/dover"
    },
    {
        "name": "Dudley",
        "label": "Dudley",
        "slug": "dudley",
        "path": "\/repossessions\/local-authority\/dudley"
    },
    {
        "name": "Ealing",
        "label": "Ealing",
        "slug": "ealing",
        "path": "\/repossessions\/local-authority\/ealing"
    },
    {
        "name": "East Cambridgeshire",
        "label": "East Cambridgeshire",
        "slug": "east-cambridgeshire",
        "path": "\/repossessions\/local-authority\/east-cambridgeshire"
    },
    {
        "name": "East Devon",
        "label": "East Devon",
        "slug": "east-devon",
        "path": "\/repossessions\/local-authority\/east-devon"
    },
    {
        "name": "East Dorset",
        "label": "East Dorset",
        "slug": "east-dorset",
        "path": "\/repossessions\/local-authority\/east-dorset"
    },
    {
        "name": "East Hampshire",
        "label": "East Hampshire",
        "slug": "east-hampshire",
        "path": "\/repossessions\/local-authority\/east-hampshire"
    },
    {
        "name": "East Hertfordshire",
        "label": "East Hertfordshire",
        "slug": "east-hertfordshire",
        "path": "\/repossessions\/local-authority\/east-hertfordshire"
    },
    {
        "name": "East Lindsey",
        "label": "East Lindsey",
        "slug": "east-lindsey",
        "path": "\/repossessions\/local-authority\/east-lindsey"
    },
    {
        "name": "East Northamptonshire",
        "label": "East Northamptonshire",
        "slug": "east-northamptonshire",
        "path": "\/repossessions\/local-authority\/east-northamptonshire"
    },
    {
        "name": "East Riding of Yorkshire",
        "label": "East Riding of Yorkshire",
        "slug": "east-riding-of-yorkshire",
        "path": "\/repossessions\/local-authority\/east-riding-of-yorkshire"
    },
    {
        "name": "East Staffordshire",
        "label": "East Staffordshire",
        "slug": "east-staffordshire",
        "path": "\/repossessions\/local-authority\/east-staffordshire"
    },
    {
        "name": "East Suffolk",
        "label": "East Suffolk",
        "slug": "east-suffolk",
        "path": "\/repossessions\/local-authority\/east-suffolk"
    },
    {
        "name": "Eastbourne",
        "label": "Eastbourne",
        "slug": "eastbourne",
        "path": "\/repossessions\/local-authority\/eastbourne"
    },
    {
        "name": "Eastleigh",
        "label": "Eastleigh",
        "slug": "eastleigh",
        "path": "\/repossessions\/local-authority\/eastleigh"
    },
    {
        "name": "Eden",
        "label": "Eden",
        "slug": "eden",
        "path": "\/repossessions\/local-authority\/eden"
    },
    {
        "name": "Elmbridge",
        "label": "Elmbridge",
        "slug": "elmbridge",
        "path": "\/repossessions\/local-authority\/elmbridge"
    },
    {
        "name": "Enfield",
        "label": "Enfield",
        "slug": "enfield",
        "path": "\/repossessions\/local-authority\/enfield"
    },
    {
        "name": "Epping Forest",
        "label": "Epping Forest",
        "slug": "epping-forest",
        "path": "\/repossessions\/local-authority\/epping-forest"
    },
    {
        "name": "Epsom and Ewell",
        "label": "Epsom and Ewell",
        "slug": "epsom-and-ewell",
        "path": "\/repossessions\/local-authority\/epsom-and-ewell"
    },
    {
        "name": "Erewash",
        "label": "Erewash",
        "slug": "erewash",
        "path": "\/repossessions\/local-authority\/erewash"
    },
    {
        "name": "Exeter",
        "label": "Exeter",
        "slug": "exeter",
        "path": "\/repossessions\/local-authority\/exeter"
    },
    {
        "name": "Fareham",
        "label": "Fareham",
        "slug": "fareham",
        "path": "\/repossessions\/local-authority\/fareham"
    },
    {
        "name": "Fenland",
        "label": "Fenland",
        "slug": "fenland",
        "path": "\/repossessions\/local-authority\/fenland"
    },
    {
        "name": "Flintshire",
        "label": "Flintshire",
        "slug": "flintshire",
        "path": "\/repossessions\/local-authority\/flintshire"
    },
    {
        "name": "Folkestone and Hythe",
        "label": "Folkestone and Hythe",
        "slug": "folkestone-and-hythe",
        "path": "\/repossessions\/local-authority\/folkestone-and-hythe"
    },
    {
        "name": "Forest Heath",
        "label": "Forest Heath",
        "slug": "forest-heath",
        "path": "\/repossessions\/local-authority\/forest-heath"
    },
    {
        "name": "Forest of Dean",
        "label": "Forest of Dean",
        "slug": "forest-of-dean",
        "path": "\/repossessions\/local-authority\/forest-of-dean"
    },
    {
        "name": "Fylde",
        "label": "Fylde",
        "slug": "fylde",
        "path": "\/repossessions\/local-authority\/fylde"
    },
    {
        "name": "Gateshead",
        "label": "Gateshead",
        "slug": "gateshead",
        "path": "\/repossessions\/local-authority\/gateshead"
    },
    {
        "name": "Gedling",
        "label": "Gedling",
        "slug": "gedling",
        "path": "\/repossessions\/local-authority\/gedling"
    },
    {
        "name": "Gloucester",
        "label": "Gloucester",
        "slug": "gloucester",
        "path": "\/repossessions\/local-authority\/gloucester"
    },
    {
        "name": "Gosport",
        "label": "Gosport",
        "slug": "gosport",
        "path": "\/repossessions\/local-authority\/gosport"
    },
    {
        "name": "Gravesham",
        "label": "Gravesham",
        "slug": "gravesham",
        "path": "\/repossessions\/local-authority\/gravesham"
    },
    {
        "name": "Great Yarmouth",
        "label": "Great Yarmouth",
        "slug": "great-yarmouth",
        "path": "\/repossessions\/local-authority\/great-yarmouth"
    },
    {
        "name": "Greenwich",
        "label": "Greenwich",
        "slug": "greenwich",
        "path": "\/repossessions\/local-authority\/greenwich"
    },
    {
        "name": "Guildford",
        "label": "Guildford",
        "slug": "guildford",
        "path": "\/repossessions\/local-authority\/guildford"
    },
    {
        "name": "Gwynedd",
        "label": "Gwynedd",
        "slug": "gwynedd",
        "path": "\/repossessions\/local-authority\/gwynedd"
    },
    {
        "name": "Hackney",
        "label": "Hackney",
        "slug": "hackney",
        "path": "\/repossessions\/local-authority\/hackney"
    },
    {
        "name": "Halton",
        "label": "Halton",
        "slug": "halton",
        "path": "\/repossessions\/local-authority\/halton"
    },
    {
        "name": "Halton UA",
        "label": "Halton UA",
        "slug": "halton-ua",
        "path": "\/repossessions\/local-authority\/halton-ua"
    },
    {
        "name": "Hambleton",
        "label": "Hambleton",
        "slug": "hambleton",
        "path": "\/repossessions\/local-authority\/hambleton"
    },
    {
        "name": "Hammersmith and Fulham",
        "label": "Hammersmith and Fulham",
        "slug": "hammersmith-and-fulham",
        "path": "\/repossessions\/local-authority\/hammersmith-and-fulham"
    },
    {
        "name": "Harborough",
        "label": "Harborough",
        "slug": "harborough",
        "path": "\/repossessions\/local-authority\/harborough"
    },
    {
        "name": "Haringey",
        "label": "Haringey",
        "slug": "haringey",
        "path": "\/repossessions\/local-authority\/haringey"
    },
    {
        "name": "Harlow",
        "label": "Harlow",
        "slug": "harlow",
        "path": "\/repossessions\/local-authority\/harlow"
    },
    {
        "name": "Harrogate",
        "label": "Harrogate",
        "slug": "harrogate",
        "path": "\/repossessions\/local-authority\/harrogate"
    },
    {
        "name": "Harrow",
        "label": "Harrow",
        "slug": "harrow",
        "path": "\/repossessions\/local-authority\/harrow"
    },
    {
        "name": "Hart",
        "label": "Hart",
        "slug": "hart",
        "path": "\/repossessions\/local-authority\/hart"
    },
    {
        "name": "Hartlepool",
        "label": "Hartlepool",
        "slug": "hartlepool",
        "path": "\/repossessions\/local-authority\/hartlepool"
    },
    {
        "name": "Hastings",
        "label": "Hastings",
        "slug": "hastings",
        "path": "\/repossessions\/local-authority\/hastings"
    },
    {
        "name": "Havant",
        "label": "Havant",
        "slug": "havant",
        "path": "\/repossessions\/local-authority\/havant"
    },
    {
        "name": "Havering",
        "label": "Havering",
        "slug": "havering",
        "path": "\/repossessions\/local-authority\/havering"
    },
    {
        "name": "Herefordshire, County of",
        "label": "Herefordshire, County of",
        "slug": "herefordshire-county-of",
        "path": "\/repossessions\/local-authority\/herefordshire-county-of"
    },
    {
        "name": "Hertsmere",
        "label": "Hertsmere",
        "slug": "hertsmere",
        "path": "\/repossessions\/local-authority\/hertsmere"
    },
    {
        "name": "High Peak",
        "label": "High Peak",
        "slug": "high-peak",
        "path": "\/repossessions\/local-authority\/high-peak"
    },
    {
        "name": "Hillingdon",
        "label": "Hillingdon",
        "slug": "hillingdon",
        "path": "\/repossessions\/local-authority\/hillingdon"
    },
    {
        "name": "Hinckley and Bosworth",
        "label": "Hinckley and Bosworth",
        "slug": "hinckley-and-bosworth",
        "path": "\/repossessions\/local-authority\/hinckley-and-bosworth"
    },
    {
        "name": "Horsham",
        "label": "Horsham",
        "slug": "horsham",
        "path": "\/repossessions\/local-authority\/horsham"
    },
    {
        "name": "Hounslow",
        "label": "Hounslow",
        "slug": "hounslow",
        "path": "\/repossessions\/local-authority\/hounslow"
    },
    {
        "name": "Huntingdonshire",
        "label": "Huntingdonshire",
        "slug": "huntingdonshire",
        "path": "\/repossessions\/local-authority\/huntingdonshire"
    },
    {
        "name": "Hyndburn",
        "label": "Hyndburn",
        "slug": "hyndburn",
        "path": "\/repossessions\/local-authority\/hyndburn"
    },
    {
        "name": "Ipswich",
        "label": "Ipswich",
        "slug": "ipswich",
        "path": "\/repossessions\/local-authority\/ipswich"
    },
    {
        "name": "Isle of Anglesey",
        "label": "Isle of Anglesey",
        "slug": "isle-of-anglesey",
        "path": "\/repossessions\/local-authority\/isle-of-anglesey"
    },
    {
        "name": "Isle of Wight",
        "label": "Isle of Wight",
        "slug": "isle-of-wight",
        "path": "\/repossessions\/local-authority\/isle-of-wight"
    },
    {
        "name": "Isles of Scilly",
        "label": "Isles of Scilly",
        "slug": "isles-of-scilly",
        "path": "\/repossessions\/local-authority\/isles-of-scilly"
    },
    {
        "name": "Isles of Scilly UA",
        "label": "Isles of Scilly UA",
        "slug": "isles-of-scilly-ua",
        "path": "\/repossessions\/local-authority\/isles-of-scilly-ua"
    },
    {
        "name": "Islington",
        "label": "Islington",
        "slug": "islington",
        "path": "\/repossessions\/local-authority\/islington"
    },
    {
        "name": "Kensington and Chelsea",
        "label": "Kensington and Chelsea",
        "slug": "kensington-and-chelsea",
        "path": "\/repossessions\/local-authority\/kensington-and-chelsea"
    },
    {
        "name": "Kettering",
        "label": "Kettering",
        "slug": "kettering",
        "path": "\/repossessions\/local-authority\/kettering"
    },
    {
        "name": "King's Lynn and West Norfolk",
        "label": "King's Lynn and West Norfolk",
        "slug": "kings-lynn-and-west-norfolk",
        "path": "\/repossessions\/local-authority\/kings-lynn-and-west-norfolk"
    },
    {
        "name": "Kingston upon Hull, City of",
        "label": "Kingston upon Hull, City of",
        "slug": "kingston-upon-hull-city-of",
        "path": "\/repossessions\/local-authority\/kingston-upon-hull-city-of"
    },
    {
        "name": "Kingston upon Thames",
        "label": "Kingston upon Thames",
        "slug": "kingston-upon-thames",
        "path": "\/repossessions\/local-authority\/kingston-upon-thames"
    },
    {
        "name": "Kirklees",
        "label": "Kirklees",
        "slug": "kirklees",
        "path": "\/repossessions\/local-authority\/kirklees"
    },
    {
        "name": "Knowsley",
        "label": "Knowsley",
        "slug": "knowsley",
        "path": "\/repossessions\/local-authority\/knowsley"
    },
    {
        "name": "Lambeth",
        "label": "Lambeth",
        "slug": "lambeth",
        "path": "\/repossessions\/local-authority\/lambeth"
    },
    {
        "name": "Lancaster",
        "label": "Lancaster",
        "slug": "lancaster",
        "path": "\/repossessions\/local-authority\/lancaster"
    },
    {
        "name": "Leeds",
        "label": "Leeds",
        "slug": "leeds",
        "path": "\/repossessions\/local-authority\/leeds"
    },
    {
        "name": "Leicester",
        "label": "Leicester",
        "slug": "leicester",
        "path": "\/repossessions\/local-authority\/leicester"
    },
    {
        "name": "Lewes",
        "label": "Lewes",
        "slug": "lewes",
        "path": "\/repossessions\/local-authority\/lewes"
    },
    {
        "name": "Lewisham",
        "label": "Lewisham",
        "slug": "lewisham",
        "path": "\/repossessions\/local-authority\/lewisham"
    },
    {
        "name": "Lichfield",
        "label": "Lichfield",
        "slug": "lichfield",
        "path": "\/repossessions\/local-authority\/lichfield"
    },
    {
        "name": "Lincoln",
        "label": "Lincoln",
        "slug": "lincoln",
        "path": "\/repossessions\/local-authority\/lincoln"
    },
    {
        "name": "Liverpool",
        "label": "Liverpool",
        "slug": "liverpool",
        "path": "\/repossessions\/local-authority\/liverpool"
    },
    {
        "name": "Luton",
        "label": "Luton",
        "slug": "luton",
        "path": "\/repossessions\/local-authority\/luton"
    },
    {
        "name": "Maidstone",
        "label": "Maidstone",
        "slug": "maidstone",
        "path": "\/repossessions\/local-authority\/maidstone"
    },
    {
        "name": "Maldon",
        "label": "Maldon",
        "slug": "maldon",
        "path": "\/repossessions\/local-authority\/maldon"
    },
    {
        "name": "Malvern Hills",
        "label": "Malvern Hills",
        "slug": "malvern-hills",
        "path": "\/repossessions\/local-authority\/malvern-hills"
    },
    {
        "name": "Manchester",
        "label": "Manchester",
        "slug": "manchester",
        "path": "\/repossessions\/local-authority\/manchester"
    },
    {
        "name": "Mansfield",
        "label": "Mansfield",
        "slug": "mansfield",
        "path": "\/repossessions\/local-authority\/mansfield"
    },
    {
        "name": "Medway",
        "label": "Medway",
        "slug": "medway",
        "path": "\/repossessions\/local-authority\/medway"
    },
    {
        "name": "Melton",
        "label": "Melton",
        "slug": "melton",
        "path": "\/repossessions\/local-authority\/melton"
    },
    {
        "name": "Mendip",
        "label": "Mendip",
        "slug": "mendip",
        "path": "\/repossessions\/local-authority\/mendip"
    },
    {
        "name": "Merthyr Tydfil",
        "label": "Merthyr Tydfil",
        "slug": "merthyr-tydfil",
        "path": "\/repossessions\/local-authority\/merthyr-tydfil"
    },
    {
        "name": "Merton",
        "label": "Merton",
        "slug": "merton",
        "path": "\/repossessions\/local-authority\/merton"
    },
    {
        "name": "Mid Devon",
        "label": "Mid Devon",
        "slug": "mid-devon",
        "path": "\/repossessions\/local-authority\/mid-devon"
    },
    {
        "name": "Mid Suffolk",
        "label": "Mid Suffolk",
        "slug": "mid-suffolk",
        "path": "\/repossessions\/local-authority\/mid-suffolk"
    },
    {
        "name": "Mid Sussex",
        "label": "Mid Sussex",
        "slug": "mid-sussex",
        "path": "\/repossessions\/local-authority\/mid-sussex"
    },
    {
        "name": "Middlesbrough",
        "label": "Middlesbrough",
        "slug": "middlesbrough",
        "path": "\/repossessions\/local-authority\/middlesbrough"
    },
    {
        "name": "Milton Keynes",
        "label": "Milton Keynes",
        "slug": "milton-keynes",
        "path": "\/repossessions\/local-authority\/milton-keynes"
    },
    {
        "name": "Mole Valley",
        "label": "Mole Valley",
        "slug": "mole-valley",
        "path": "\/repossessions\/local-authority\/mole-valley"
    },
    {
        "name": "Monmouthshire",
        "label": "Monmouthshire",
        "slug": "monmouthshire",
        "path": "\/repossessions\/local-authority\/monmouthshire"
    },
    {
        "name": "Neath Port Talbot",
        "label": "Neath Port Talbot",
        "slug": "neath-port-talbot",
        "path": "\/repossessions\/local-authority\/neath-port-talbot"
    },
    {
        "name": "New Forest",
        "label": "New Forest",
        "slug": "new-forest",
        "path": "\/repossessions\/local-authority\/new-forest"
    },
    {
        "name": "Newark and Sherwood",
        "label": "Newark and Sherwood",
        "slug": "newark-and-sherwood",
        "path": "\/repossessions\/local-authority\/newark-and-sherwood"
    },
    {
        "name": "Newcastle upon Tyne",
        "label": "Newcastle upon Tyne",
        "slug": "newcastle-upon-tyne",
        "path": "\/repossessions\/local-authority\/newcastle-upon-tyne"
    },
    {
        "name": "Newcastle-under-Lyme",
        "label": "Newcastle-under-Lyme",
        "slug": "newcastle-under-lyme",
        "path": "\/repossessions\/local-authority\/newcastle-under-lyme"
    },
    {
        "name": "Newham",
        "label": "Newham",
        "slug": "newham",
        "path": "\/repossessions\/local-authority\/newham"
    },
    {
        "name": "Newport",
        "label": "Newport",
        "slug": "newport",
        "path": "\/repossessions\/local-authority\/newport"
    },
    {
        "name": "North Devon",
        "label": "North Devon",
        "slug": "north-devon",
        "path": "\/repossessions\/local-authority\/north-devon"
    },
    {
        "name": "North Dorset",
        "label": "North Dorset",
        "slug": "north-dorset",
        "path": "\/repossessions\/local-authority\/north-dorset"
    },
    {
        "name": "North East Derbyshire",
        "label": "North East Derbyshire",
        "slug": "north-east-derbyshire",
        "path": "\/repossessions\/local-authority\/north-east-derbyshire"
    },
    {
        "name": "North East Lincolnshire",
        "label": "North East Lincolnshire",
        "slug": "north-east-lincolnshire",
        "path": "\/repossessions\/local-authority\/north-east-lincolnshire"
    },
    {
        "name": "North Hertfordshire",
        "label": "North Hertfordshire",
        "slug": "north-hertfordshire",
        "path": "\/repossessions\/local-authority\/north-hertfordshire"
    },
    {
        "name": "North Kesteven",
        "label": "North Kesteven",
        "slug": "north-kesteven",
        "path": "\/repossessions\/local-authority\/north-kesteven"
    },
    {
        "name": "North Lincolnshire",
        "label": "North Lincolnshire",
        "slug": "north-lincolnshire",
        "path": "\/repossessions\/local-authority\/north-lincolnshire"
    },
    {
        "name": "North Norfolk",
        "label": "North Norfolk",
        "slug": "north-norfolk",
        "path": "\/repossessions\/local-authority\/north-norfolk"
    },
    {
        "name": "North Northamptonshire",
        "label": "North Northamptonshire",
        "slug": "north-northamptonshire",
        "path": "\/repossessions\/local-authority\/north-northamptonshire"
    },
    {
        "name": "North Somerset",
        "label": "North Somerset",
        "slug": "north-somerset",
        "path": "\/repossessions\/local-authority\/north-somerset"
    },
    {
        "name": "North Tyneside",
        "label": "North Tyneside",
        "slug": "north-tyneside",
        "path": "\/repossessions\/local-authority\/north-tyneside"
    },
    {
        "name": "North Warwickshire",
        "label": "North Warwickshire",
        "slug": "north-warwickshire",
        "path": "\/repossessions\/local-authority\/north-warwickshire"
    },
    {
        "name": "North West Leicestershire",
        "label": "North West Leicestershire",
        "slug": "north-west-leicestershire",
        "path": "\/repossessions\/local-authority\/north-west-leicestershire"
    },
    {
        "name": "North WestLeicestershire",
        "label": "North WestLeicestershire",
        "slug": "north-westleicestershire",
        "path": "\/repossessions\/local-authority\/north-westleicestershire"
    },
    {
        "name": "North Yorkshire",
        "label": "North Yorkshire",
        "slug": "north-yorkshire",
        "path": "\/repossessions\/local-authority\/north-yorkshire"
    },
    {
        "name": "Northampton",
        "label": "Northampton",
        "slug": "northampton",
        "path": "\/repossessions\/local-authority\/northampton"
    },
    {
        "name": "Northumberland",
        "label": "Northumberland",
        "slug": "northumberland",
        "path": "\/repossessions\/local-authority\/northumberland"
    },
    {
        "name": "Northumberland UA",
        "label": "Northumberland UA",
        "slug": "northumberland-ua",
        "path": "\/repossessions\/local-authority\/northumberland-ua"
    },
    {
        "name": "Norwich",
        "label": "Norwich",
        "slug": "norwich",
        "path": "\/repossessions\/local-authority\/norwich"
    },
    {
        "name": "Not Identified",
        "label": "Not Identified",
        "slug": "not-identified",
        "path": "\/repossessions\/local-authority\/not-identified"
    },
    {
        "name": "Nottingham",
        "label": "Nottingham",
        "slug": "nottingham",
        "path": "\/repossessions\/local-authority\/nottingham"
    },
    {
        "name": "Nuneaton and Bedworth",
        "label": "Nuneaton and Bedworth",
        "slug": "nuneaton-and-bedworth",
        "path": "\/repossessions\/local-authority\/nuneaton-and-bedworth"
    },
    {
        "name": "Oadby and Wigston",
        "label": "Oadby and Wigston",
        "slug": "oadby-and-wigston",
        "path": "\/repossessions\/local-authority\/oadby-and-wigston"
    },
    {
        "name": "Oldham",
        "label": "Oldham",
        "slug": "oldham",
        "path": "\/repossessions\/local-authority\/oldham"
    },
    {
        "name": "Oxford",
        "label": "Oxford",
        "slug": "oxford",
        "path": "\/repossessions\/local-authority\/oxford"
    },
    {
        "name": "Pembrokeshire",
        "label": "Pembrokeshire",
        "slug": "pembrokeshire",
        "path": "\/repossessions\/local-authority\/pembrokeshire"
    },
    {
        "name": "Pendle",
        "label": "Pendle",
        "slug": "pendle",
        "path": "\/repossessions\/local-authority\/pendle"
    },
    {
        "name": "Peterborough",
        "label": "Peterborough",
        "slug": "peterborough",
        "path": "\/repossessions\/local-authority\/peterborough"
    },
    {
        "name": "Plymouth",
        "label": "Plymouth",
        "slug": "plymouth",
        "path": "\/repossessions\/local-authority\/plymouth"
    },
    {
        "name": "Poole",
        "label": "Poole",
        "slug": "poole",
        "path": "\/repossessions\/local-authority\/poole"
    },
    {
        "name": "Portsmouth",
        "label": "Portsmouth",
        "slug": "portsmouth",
        "path": "\/repossessions\/local-authority\/portsmouth"
    },
    {
        "name": "Powys",
        "label": "Powys",
        "slug": "powys",
        "path": "\/repossessions\/local-authority\/powys"
    },
    {
        "name": "Preston",
        "label": "Preston",
        "slug": "preston",
        "path": "\/repossessions\/local-authority\/preston"
    },
    {
        "name": "Purbeck",
        "label": "Purbeck",
        "slug": "purbeck",
        "path": "\/repossessions\/local-authority\/purbeck"
    },
    {
        "name": "Reading",
        "label": "Reading",
        "slug": "reading",
        "path": "\/repossessions\/local-authority\/reading"
    },
    {
        "name": "Redbridge",
        "label": "Redbridge",
        "slug": "redbridge",
        "path": "\/repossessions\/local-authority\/redbridge"
    },
    {
        "name": "Redcar and Cleveland",
        "label": "Redcar and Cleveland",
        "slug": "redcar-and-cleveland",
        "path": "\/repossessions\/local-authority\/redcar-and-cleveland"
    },
    {
        "name": "Redditch",
        "label": "Redditch",
        "slug": "redditch",
        "path": "\/repossessions\/local-authority\/redditch"
    },
    {
        "name": "Reigate and Banstead",
        "label": "Reigate and Banstead",
        "slug": "reigate-and-banstead",
        "path": "\/repossessions\/local-authority\/reigate-and-banstead"
    },
    {
        "name": "Rhondda Cynon Taf",
        "label": "Rhondda Cynon Taf",
        "slug": "rhondda-cynon-taf",
        "path": "\/repossessions\/local-authority\/rhondda-cynon-taf"
    },
    {
        "name": "Ribble Valley",
        "label": "Ribble Valley",
        "slug": "ribble-valley",
        "path": "\/repossessions\/local-authority\/ribble-valley"
    },
    {
        "name": "Richmond upon Thames",
        "label": "Richmond upon Thames",
        "slug": "richmond-upon-thames",
        "path": "\/repossessions\/local-authority\/richmond-upon-thames"
    },
    {
        "name": "Richmondshire",
        "label": "Richmondshire",
        "slug": "richmondshire",
        "path": "\/repossessions\/local-authority\/richmondshire"
    },
    {
        "name": "Rochdale",
        "label": "Rochdale",
        "slug": "rochdale",
        "path": "\/repossessions\/local-authority\/rochdale"
    },
    {
        "name": "Rochford",
        "label": "Rochford",
        "slug": "rochford",
        "path": "\/repossessions\/local-authority\/rochford"
    },
    {
        "name": "Rossendale",
        "label": "Rossendale",
        "slug": "rossendale",
        "path": "\/repossessions\/local-authority\/rossendale"
    },
    {
        "name": "Rother",
        "label": "Rother",
        "slug": "rother",
        "path": "\/repossessions\/local-authority\/rother"
    },
    {
        "name": "Rotherham",
        "label": "Rotherham",
        "slug": "rotherham",
        "path": "\/repossessions\/local-authority\/rotherham"
    },
    {
        "name": "Rugby",
        "label": "Rugby",
        "slug": "rugby",
        "path": "\/repossessions\/local-authority\/rugby"
    },
    {
        "name": "Runnymede",
        "label": "Runnymede",
        "slug": "runnymede",
        "path": "\/repossessions\/local-authority\/runnymede"
    },
    {
        "name": "Rushcliffe",
        "label": "Rushcliffe",
        "slug": "rushcliffe",
        "path": "\/repossessions\/local-authority\/rushcliffe"
    },
    {
        "name": "Rushmoor",
        "label": "Rushmoor",
        "slug": "rushmoor",
        "path": "\/repossessions\/local-authority\/rushmoor"
    },
    {
        "name": "Rutland",
        "label": "Rutland",
        "slug": "rutland",
        "path": "\/repossessions\/local-authority\/rutland"
    },
    {
        "name": "Ryedale",
        "label": "Ryedale",
        "slug": "ryedale",
        "path": "\/repossessions\/local-authority\/ryedale"
    },
    {
        "name": "Salford",
        "label": "Salford",
        "slug": "salford",
        "path": "\/repossessions\/local-authority\/salford"
    },
    {
        "name": "Sandwell",
        "label": "Sandwell",
        "slug": "sandwell",
        "path": "\/repossessions\/local-authority\/sandwell"
    },
    {
        "name": "Scarborough",
        "label": "Scarborough",
        "slug": "scarborough",
        "path": "\/repossessions\/local-authority\/scarborough"
    },
    {
        "name": "Sedgemoor",
        "label": "Sedgemoor",
        "slug": "sedgemoor",
        "path": "\/repossessions\/local-authority\/sedgemoor"
    },
    {
        "name": "Sefton",
        "label": "Sefton",
        "slug": "sefton",
        "path": "\/repossessions\/local-authority\/sefton"
    },
    {
        "name": "Selby",
        "label": "Selby",
        "slug": "selby",
        "path": "\/repossessions\/local-authority\/selby"
    },
    {
        "name": "Sevenoaks",
        "label": "Sevenoaks",
        "slug": "sevenoaks",
        "path": "\/repossessions\/local-authority\/sevenoaks"
    },
    {
        "name": "Sheffield",
        "label": "Sheffield",
        "slug": "sheffield",
        "path": "\/repossessions\/local-authority\/sheffield"
    },
    {
        "name": "Shepway",
        "label": "Shepway",
        "slug": "shepway",
        "path": "\/repossessions\/local-authority\/shepway"
    },
    {
        "name": "Shropshire",
        "label": "Shropshire",
        "slug": "shropshire",
        "path": "\/repossessions\/local-authority\/shropshire"
    },
    {
        "name": "Slough",
        "label": "Slough",
        "slug": "slough",
        "path": "\/repossessions\/local-authority\/slough"
    },
    {
        "name": "Slough UA",
        "label": "Slough UA",
        "slug": "slough-ua",
        "path": "\/repossessions\/local-authority\/slough-ua"
    },
    {
        "name": "Solihull",
        "label": "Solihull",
        "slug": "solihull",
        "path": "\/repossessions\/local-authority\/solihull"
    },
    {
        "name": "Somerset",
        "label": "Somerset",
        "slug": "somerset",
        "path": "\/repossessions\/local-authority\/somerset"
    },
    {
        "name": "Somerset West and Taunton",
        "label": "Somerset West and Taunton",
        "slug": "somerset-west-and-taunton",
        "path": "\/repossessions\/local-authority\/somerset-west-and-taunton"
    },
    {
        "name": "South Bucks",
        "label": "South Bucks",
        "slug": "south-bucks",
        "path": "\/repossessions\/local-authority\/south-bucks"
    },
    {
        "name": "South Cambridgeshire",
        "label": "South Cambridgeshire",
        "slug": "south-cambridgeshire",
        "path": "\/repossessions\/local-authority\/south-cambridgeshire"
    },
    {
        "name": "South Derbyshire",
        "label": "South Derbyshire",
        "slug": "south-derbyshire",
        "path": "\/repossessions\/local-authority\/south-derbyshire"
    },
    {
        "name": "South Gloucestershire",
        "label": "South Gloucestershire",
        "slug": "south-gloucestershire",
        "path": "\/repossessions\/local-authority\/south-gloucestershire"
    },
    {
        "name": "South Hams",
        "label": "South Hams",
        "slug": "south-hams",
        "path": "\/repossessions\/local-authority\/south-hams"
    },
    {
        "name": "South Holland",
        "label": "South Holland",
        "slug": "south-holland",
        "path": "\/repossessions\/local-authority\/south-holland"
    },
    {
        "name": "South Kesteven",
        "label": "South Kesteven",
        "slug": "south-kesteven",
        "path": "\/repossessions\/local-authority\/south-kesteven"
    },
    {
        "name": "South Lakeland",
        "label": "South Lakeland",
        "slug": "south-lakeland",
        "path": "\/repossessions\/local-authority\/south-lakeland"
    },
    {
        "name": "South Norfolk",
        "label": "South Norfolk",
        "slug": "south-norfolk",
        "path": "\/repossessions\/local-authority\/south-norfolk"
    },
    {
        "name": "South Northamptonshire",
        "label": "South Northamptonshire",
        "slug": "south-northamptonshire",
        "path": "\/repossessions\/local-authority\/south-northamptonshire"
    },
    {
        "name": "South Oxfordshire",
        "label": "South Oxfordshire",
        "slug": "south-oxfordshire",
        "path": "\/repossessions\/local-authority\/south-oxfordshire"
    },
    {
        "name": "South Ribble",
        "label": "South Ribble",
        "slug": "south-ribble",
        "path": "\/repossessions\/local-authority\/south-ribble"
    },
    {
        "name": "South Somerset",
        "label": "South Somerset",
        "slug": "south-somerset",
        "path": "\/repossessions\/local-authority\/south-somerset"
    },
    {
        "name": "South Staffordshire",
        "label": "South Staffordshire",
        "slug": "south-staffordshire",
        "path": "\/repossessions\/local-authority\/south-staffordshire"
    },
    {
        "name": "South Tyneside",
        "label": "South Tyneside",
        "slug": "south-tyneside",
        "path": "\/repossessions\/local-authority\/south-tyneside"
    },
    {
        "name": "Southampton",
        "label": "Southampton",
        "slug": "southampton",
        "path": "\/repossessions\/local-authority\/southampton"
    },
    {
        "name": "Southampton UA",
        "label": "Southampton UA",
        "slug": "southampton-ua",
        "path": "\/repossessions\/local-authority\/southampton-ua"
    },
    {
        "name": "Southend-on-Sea",
        "label": "Southend-on-Sea",
        "slug": "southend-on-sea",
        "path": "\/repossessions\/local-authority\/southend-on-sea"
    },
    {
        "name": "Southwark",
        "label": "Southwark",
        "slug": "southwark",
        "path": "\/repossessions\/local-authority\/southwark"
    },
    {
        "name": "Spelthorne",
        "label": "Spelthorne",
        "slug": "spelthorne",
        "path": "\/repossessions\/local-authority\/spelthorne"
    },
    {
        "name": "St Albans",
        "label": "St Albans",
        "slug": "st-albans",
        "path": "\/repossessions\/local-authority\/st-albans"
    },
    {
        "name": "St Edmundsbury",
        "label": "St Edmundsbury",
        "slug": "st-edmundsbury",
        "path": "\/repossessions\/local-authority\/st-edmundsbury"
    },
    {
        "name": "St. Helens",
        "label": "St. Helens",
        "slug": "st-helens",
        "path": "\/repossessions\/local-authority\/st-helens"
    },
    {
        "name": "Stafford",
        "label": "Stafford",
        "slug": "stafford",
        "path": "\/repossessions\/local-authority\/stafford"
    },
    {
        "name": "Staffordshire Moorlands",
        "label": "Staffordshire Moorlands",
        "slug": "staffordshire-moorlands",
        "path": "\/repossessions\/local-authority\/staffordshire-moorlands"
    },
    {
        "name": "Stevenage",
        "label": "Stevenage",
        "slug": "stevenage",
        "path": "\/repossessions\/local-authority\/stevenage"
    },
    {
        "name": "Stockport",
        "label": "Stockport",
        "slug": "stockport",
        "path": "\/repossessions\/local-authority\/stockport"
    },
    {
        "name": "Stockton-on-Tees",
        "label": "Stockton-on-Tees",
        "slug": "stockton-on-tees",
        "path": "\/repossessions\/local-authority\/stockton-on-tees"
    },
    {
        "name": "Stockton-on-Tees UA",
        "label": "Stockton-on-Tees UA",
        "slug": "stockton-on-tees-ua",
        "path": "\/repossessions\/local-authority\/stockton-on-tees-ua"
    },
    {
        "name": "Stoke-on-Trent",
        "label": "Stoke-on-Trent",
        "slug": "stoke-on-trent",
        "path": "\/repossessions\/local-authority\/stoke-on-trent"
    },
    {
        "name": "Stratford-on-Avon",
        "label": "Stratford-on-Avon",
        "slug": "stratford-on-avon",
        "path": "\/repossessions\/local-authority\/stratford-on-avon"
    },
    {
        "name": "Stroud",
        "label": "Stroud",
        "slug": "stroud",
        "path": "\/repossessions\/local-authority\/stroud"
    },
    {
        "name": "Suffolk Coastal",
        "label": "Suffolk Coastal",
        "slug": "suffolk-coastal",
        "path": "\/repossessions\/local-authority\/suffolk-coastal"
    },
    {
        "name": "Sunderland",
        "label": "Sunderland",
        "slug": "sunderland",
        "path": "\/repossessions\/local-authority\/sunderland"
    },
    {
        "name": "Surrey Heath",
        "label": "Surrey Heath",
        "slug": "surrey-heath",
        "path": "\/repossessions\/local-authority\/surrey-heath"
    },
    {
        "name": "Sutton",
        "label": "Sutton",
        "slug": "sutton",
        "path": "\/repossessions\/local-authority\/sutton"
    },
    {
        "name": "Swale",
        "label": "Swale",
        "slug": "swale",
        "path": "\/repossessions\/local-authority\/swale"
    },
    {
        "name": "Swansea",
        "label": "Swansea",
        "slug": "swansea",
        "path": "\/repossessions\/local-authority\/swansea"
    },
    {
        "name": "Swindon",
        "label": "Swindon",
        "slug": "swindon",
        "path": "\/repossessions\/local-authority\/swindon"
    },
    {
        "name": "Tameside",
        "label": "Tameside",
        "slug": "tameside",
        "path": "\/repossessions\/local-authority\/tameside"
    },
    {
        "name": "Tamworth",
        "label": "Tamworth",
        "slug": "tamworth",
        "path": "\/repossessions\/local-authority\/tamworth"
    },
    {
        "name": "Tandridge",
        "label": "Tandridge",
        "slug": "tandridge",
        "path": "\/repossessions\/local-authority\/tandridge"
    },
    {
        "name": "Taunton Deane",
        "label": "Taunton Deane",
        "slug": "taunton-deane",
        "path": "\/repossessions\/local-authority\/taunton-deane"
    },
    {
        "name": "Teignbridge",
        "label": "Teignbridge",
        "slug": "teignbridge",
        "path": "\/repossessions\/local-authority\/teignbridge"
    },
    {
        "name": "Telford and Wrekin",
        "label": "Telford and Wrekin",
        "slug": "telford-and-wrekin",
        "path": "\/repossessions\/local-authority\/telford-and-wrekin"
    },
    {
        "name": "Telford and Wrekin UA",
        "label": "Telford and Wrekin UA",
        "slug": "telford-and-wrekin-ua",
        "path": "\/repossessions\/local-authority\/telford-and-wrekin-ua"
    },
    {
        "name": "Tendring",
        "label": "Tendring",
        "slug": "tendring",
        "path": "\/repossessions\/local-authority\/tendring"
    },
    {
        "name": "Test Valley",
        "label": "Test Valley",
        "slug": "test-valley",
        "path": "\/repossessions\/local-authority\/test-valley"
    },
    {
        "name": "Tewkesbury",
        "label": "Tewkesbury",
        "slug": "tewkesbury",
        "path": "\/repossessions\/local-authority\/tewkesbury"
    },
    {
        "name": "Thanet",
        "label": "Thanet",
        "slug": "thanet",
        "path": "\/repossessions\/local-authority\/thanet"
    },
    {
        "name": "The Vale of Glamorgan",
        "label": "The Vale of Glamorgan",
        "slug": "the-vale-of-glamorgan",
        "path": "\/repossessions\/local-authority\/the-vale-of-glamorgan"
    },
    {
        "name": "Three Rivers",
        "label": "Three Rivers",
        "slug": "three-rivers",
        "path": "\/repossessions\/local-authority\/three-rivers"
    },
    {
        "name": "Thurrock",
        "label": "Thurrock",
        "slug": "thurrock",
        "path": "\/repossessions\/local-authority\/thurrock"
    },
    {
        "name": "Tonbridge and Malling",
        "label": "Tonbridge and Malling",
        "slug": "tonbridge-and-malling",
        "path": "\/repossessions\/local-authority\/tonbridge-and-malling"
    },
    {
        "name": "Torbay",
        "label": "Torbay",
        "slug": "torbay",
        "path": "\/repossessions\/local-authority\/torbay"
    },
    {
        "name": "Torfaen",
        "label": "Torfaen",
        "slug": "torfaen",
        "path": "\/repossessions\/local-authority\/torfaen"
    },
    {
        "name": "Torridge",
        "label": "Torridge",
        "slug": "torridge",
        "path": "\/repossessions\/local-authority\/torridge"
    },
    {
        "name": "Tower Hamlets",
        "label": "Tower Hamlets",
        "slug": "tower-hamlets",
        "path": "\/repossessions\/local-authority\/tower-hamlets"
    },
    {
        "name": "Trafford",
        "label": "Trafford",
        "slug": "trafford",
        "path": "\/repossessions\/local-authority\/trafford"
    },
    {
        "name": "Tunbridge Wells",
        "label": "Tunbridge Wells",
        "slug": "tunbridge-wells",
        "path": "\/repossessions\/local-authority\/tunbridge-wells"
    },
    {
        "name": "Uttlesford",
        "label": "Uttlesford",
        "slug": "uttlesford",
        "path": "\/repossessions\/local-authority\/uttlesford"
    },
    {
        "name": "Vale of Glamorgan",
        "label": "Vale of Glamorgan",
        "slug": "vale-of-glamorgan",
        "path": "\/repossessions\/local-authority\/vale-of-glamorgan"
    },
    {
        "name": "Vale of White Horse",
        "label": "Vale of White Horse",
        "slug": "vale-of-white-horse",
        "path": "\/repossessions\/local-authority\/vale-of-white-horse"
    },
    {
        "name": "Wakefield",
        "label": "Wakefield",
        "slug": "wakefield",
        "path": "\/repossessions\/local-authority\/wakefield"
    },
    {
        "name": "Walsall",
        "label": "Walsall",
        "slug": "walsall",
        "path": "\/repossessions\/local-authority\/walsall"
    },
    {
        "name": "Waltham Forest",
        "label": "Waltham Forest",
        "slug": "waltham-forest",
        "path": "\/repossessions\/local-authority\/waltham-forest"
    },
    {
        "name": "Wandsworth",
        "label": "Wandsworth",
        "slug": "wandsworth",
        "path": "\/repossessions\/local-authority\/wandsworth"
    },
    {
        "name": "Warrington",
        "label": "Warrington",
        "slug": "warrington",
        "path": "\/repossessions\/local-authority\/warrington"
    },
    {
        "name": "Warwick",
        "label": "Warwick",
        "slug": "warwick",
        "path": "\/repossessions\/local-authority\/warwick"
    },
    {
        "name": "Watford",
        "label": "Watford",
        "slug": "watford",
        "path": "\/repossessions\/local-authority\/watford"
    },
    {
        "name": "Waveney",
        "label": "Waveney",
        "slug": "waveney",
        "path": "\/repossessions\/local-authority\/waveney"
    },
    {
        "name": "Waverley",
        "label": "Waverley",
        "slug": "waverley",
        "path": "\/repossessions\/local-authority\/waverley"
    },
    {
        "name": "Wealden",
        "label": "Wealden",
        "slug": "wealden",
        "path": "\/repossessions\/local-authority\/wealden"
    },
    {
        "name": "Wellingborough",
        "label": "Wellingborough",
        "slug": "wellingborough",
        "path": "\/repossessions\/local-authority\/wellingborough"
    },
    {
        "name": "Welwyn Hatfield",
        "label": "Welwyn Hatfield",
        "slug": "welwyn-hatfield",
        "path": "\/repossessions\/local-authority\/welwyn-hatfield"
    },
    {
        "name": "West Berkshire",
        "label": "West Berkshire",
        "slug": "west-berkshire",
        "path": "\/repossessions\/local-authority\/west-berkshire"
    },
    {
        "name": "West Devon",
        "label": "West Devon",
        "slug": "west-devon",
        "path": "\/repossessions\/local-authority\/west-devon"
    },
    {
        "name": "West Dorset",
        "label": "West Dorset",
        "slug": "west-dorset",
        "path": "\/repossessions\/local-authority\/west-dorset"
    },
    {
        "name": "West Lancashire",
        "label": "West Lancashire",
        "slug": "west-lancashire",
        "path": "\/repossessions\/local-authority\/west-lancashire"
    },
    {
        "name": "West Lindsey",
        "label": "West Lindsey",
        "slug": "west-lindsey",
        "path": "\/repossessions\/local-authority\/west-lindsey"
    },
    {
        "name": "West Northamptonshire",
        "label": "West Northamptonshire",
        "slug": "west-northamptonshire",
        "path": "\/repossessions\/local-authority\/west-northamptonshire"
    },
    {
        "name": "West Oxfordshire",
        "label": "West Oxfordshire",
        "slug": "west-oxfordshire",
        "path": "\/repossessions\/local-authority\/west-oxfordshire"
    },
    {
        "name": "West Somerset",
        "label": "West Somerset",
        "slug": "west-somerset",
        "path": "\/repossessions\/local-authority\/west-somerset"
    },
    {
        "name": "West Suffolk",
        "label": "West Suffolk",
        "slug": "west-suffolk",
        "path": "\/repossessions\/local-authority\/west-suffolk"
    },
    {
        "name": "Westminster",
        "label": "Westminster",
        "slug": "westminster",
        "path": "\/repossessions\/local-authority\/westminster"
    },
    {
        "name": "Westmorland and Furness",
        "label": "Westmorland and Furness",
        "slug": "westmorland-and-furness",
        "path": "\/repossessions\/local-authority\/westmorland-and-furness"
    },
    {
        "name": "Weymouth and Portland",
        "label": "Weymouth and Portland",
        "slug": "weymouth-and-portland",
        "path": "\/repossessions\/local-authority\/weymouth-and-portland"
    },
    {
        "name": "Wigan",
        "label": "Wigan",
        "slug": "wigan",
        "path": "\/repossessions\/local-authority\/wigan"
    },
    {
        "name": "Wiltshire",
        "label": "Wiltshire",
        "slug": "wiltshire",
        "path": "\/repossessions\/local-authority\/wiltshire"
    },
    {
        "name": "Wiltshire UA",
        "label": "Wiltshire UA",
        "slug": "wiltshire-ua",
        "path": "\/repossessions\/local-authority\/wiltshire-ua"
    },
    {
        "name": "Winchester",
        "label": "Winchester",
        "slug": "winchester",
        "path": "\/repossessions\/local-authority\/winchester"
    },
    {
        "name": "Windsor and Maidenhead",
        "label": "Windsor and Maidenhead",
        "slug": "windsor-and-maidenhead",
        "path": "\/repossessions\/local-authority\/windsor-and-maidenhead"
    },
    {
        "name": "Wirral",
        "label": "Wirral",
        "slug": "wirral",
        "path": "\/repossessions\/local-authority\/wirral"
    },
    {
        "name": "Woking",
        "label": "Woking",
        "slug": "woking",
        "path": "\/repossessions\/local-authority\/woking"
    },
    {
        "name": "Wokingham",
        "label": "Wokingham",
        "slug": "wokingham",
        "path": "\/repossessions\/local-authority\/wokingham"
    },
    {
        "name": "Wolverhampton",
        "label": "Wolverhampton",
        "slug": "wolverhampton",
        "path": "\/repossessions\/local-authority\/wolverhampton"
    },
    {
        "name": "Worcester",
        "label": "Worcester",
        "slug": "worcester",
        "path": "\/repossessions\/local-authority\/worcester"
    },
    {
        "name": "Worthing",
        "label": "Worthing",
        "slug": "worthing",
        "path": "\/repossessions\/local-authority\/worthing"
    },
    {
        "name": "Wrexham",
        "label": "Wrexham",
        "slug": "wrexham",
        "path": "\/repossessions\/local-authority\/wrexham"
    },
    {
        "name": "Wychavon",
        "label": "Wychavon",
        "slug": "wychavon",
        "path": "\/repossessions\/local-authority\/wychavon"
    },
    {
        "name": "Wycombe",
        "label": "Wycombe",
        "slug": "wycombe",
        "path": "\/repossessions\/local-authority\/wycombe"
    },
    {
        "name": "Wyre",
        "label": "Wyre",
        "slug": "wyre",
        "path": "\/repossessions\/local-authority\/wyre"
    },
    {
        "name": "Wyre Forest",
        "label": "Wyre Forest",
        "slug": "wyre-forest",
        "path": "\/repossessions\/local-authority\/wyre-forest"
    },
    {
        "name": "York",
        "label": "York",
        "slug": "york",
        "path": "\/repossessions\/local-authority\/york"
    },
    {
        "name": "York UA",
        "label": "York UA",
        "slug": "york-ua",
        "path": "\/repossessions\/local-authority\/york-ua"
    }
]